Lead_ID,Lead_Source,Loan_Amount_Requested,Purpose,Customer_Age,Customer_Income,Employment_Type,Location,Lead_Created_Date
HL10000,Agent,1944789,Balance Transfer,29,233475,Self-employed,Pune,4/2/2024
HL10001,DSA,12495700,Purchase,26,289889,Self-employed,Mumbai,1/17/2024
HL10002,Telecalling,3213573,Construction,51,291010,Self-employed,Lucknow,6/2/2024
HL10003,DSA,9914501,Purchase,36,188317,Salaried,Mumbai,11/23/2024
HL10004,DSA,3255363,Construction,25,96354,Salaried,Bengaluru,5/28/2024
HL10005,Branch,14577565,Purchase,46,76374,Self-employed,Ahmedabad,1/11/2025
HL10006,Telecalling,13770122,Balance Transfer,59,139397,Self-employed,Ahmedabad,9/23/2024
HL10007,Telecalling,9375741,Construction,38,273552,Self-employed,Chennai,11/23/2024
HL10008,Telecalling,6056861,Construction,26,54336,Self-employed,Pune,4/15/2024
HL10009,DSA,7436446,Purchase,46,80350,Self-employed,Ahmedabad,1/15/2025
HL10010,Agent,5148887,Purchase,56,94561,Self-employed,Kolkata,2/4/2024
HL10011,Telecalling,10595702,Construction,52,86240,Self-employed,Kolkata,4/28/2024
HL10012,Builder,11609800,Balance Transfer,40,176165,Self-employed,Chennai,1/14/2024
HL10013,DSA,10057014,Purchase,41,71607,Salaried,Jaipur,1/14/2024
HL10014,Branch,4668866,Purchase,53,211740,Salaried,Lucknow,9/22/2024
HL10015,Agent,5612338,Purchase,41,206196,Salaried,Pune,5/19/2024
HL10016,Builder,12242014,Construction,41,89110,Self-employed,Bengaluru,10/20/2024
HL10017,Builder,2033255,Construction,44,209626,Self-employed,Hyderabad,12/29/2024
HL10018,Branch,8082212,Construction,46,177008,Self-employed,Hyderabad,4/28/2024
HL10019,Agent,9202787,Construction,34,29426,Salaried,Hyderabad,8/25/2024
HL10020,DSA,5989847,Balance Transfer,52,244911,Self-employed,Ahmedabad,2/3/2024
HL10021,Website,12441374,Balance Transfer,60,53151,Salaried,Jaipur,6/17/2024
HL10022,Agent,9929285,Construction,53,298452,Self-employed,Jaipur,1/10/2024
HL10023,Branch,8643603,Balance Transfer,58,265853,Salaried,Pune,5/1/2024
HL10024,Builder,4094235,Purchase,41,279595,Salaried,Pune,5/24/2024
HL10025,DSA,10560067,Purchase,58,201743,Salaried,Jaipur,8/10/2024
HL10026,Agent,6986126,Purchase,52,115306,Self-employed,Chennai,1/5/2025
HL10027,Website,3859653,Construction,55,250180,Salaried,Pune,9/13/2024
HL10028,Website,11354805,Purchase,40,27204,Self-employed,Chennai,9/24/2024
HL10029,Telecalling,1387952,Balance Transfer,50,117769,Self-employed,Mumbai,12/24/2024
HL10030,Telecalling,11597981,Construction,33,112265,Self-employed,Kolkata,1/4/2024
HL10031,Branch,13536311,Balance Transfer,55,77428,Self-employed,Lucknow,1/31/2025
HL10032,Agent,2030117,Purchase,39,58870,Self-employed,Pune,12/19/2024
HL10033,Agent,3896818,Purchase,28,128547,Salaried,Jaipur,4/15/2024
HL10034,Builder,3357821,Purchase,26,260990,Self-employed,Kolkata,3/25/2024
HL10035,Builder,9913742,Construction,42,74067,Self-employed,Kolkata,8/1/2024
HL10036,Builder,6584263,Balance Transfer,49,263083,Self-employed,Delhi,4/30/2024
HL10037,Telecalling,1244761,Construction,37,137217,Self-employed,Jaipur,5/11/2024
HL10038,Agent,12318706,Construction,28,123934,Self-employed,Lucknow,12/3/2024
HL10039,Agent,12360428,Purchase,36,167980,Salaried,Jaipur,7/15/2024
HL10040,Website,9386180,Construction,33,234329,Salaried,Pune,1/19/2024
HL10041,Telecalling,14530521,Construction,61,282354,Self-employed,Bengaluru,5/9/2024
HL10042,DSA,1064323,Purchase,31,86215,Salaried,Mumbai,1/12/2024
HL10043,Telecalling,2237715,Construction,48,211907,Salaried,Chennai,3/21/2024
HL10044,DSA,9040979,Purchase,38,133048,Self-employed,Bengaluru,11/25/2024
HL10045,Website,1954480,Purchase,27,194530,Salaried,Mumbai,12/19/2024
HL10046,Branch,11721419,Purchase,32,202241,Self-employed,Bengaluru,9/18/2024
HL10047,Agent,7681134,Purchase,25,163731,Salaried,Chennai,1/26/2025
HL10048,Website,1854016,Construction,35,264977,Salaried,Ahmedabad,5/4/2024
HL10049,Agent,6347417,Purchase,52,138688,Salaried,Jaipur,11/2/2024
HL10050,Builder,10253517,Purchase,28,245460,Self-employed,Bengaluru,9/23/2024
HL10051,Branch,6809701,Construction,39,211823,Salaried,Pune,1/17/2025
HL10052,Branch,14371172,Construction,41,234987,Salaried,Lucknow,5/19/2024
HL10053,Website,10439101,Balance Transfer,64,294150,Self-employed,Hyderabad,11/24/2024
HL10054,Branch,9671370,Construction,57,274243,Self-employed,Pune,1/2/2024
HL10055,DSA,10993726,Construction,48,99218,Salaried,Chennai,1/8/2024
HL10056,Branch,3883427,Balance Transfer,27,221416,Self-employed,Lucknow,9/6/2024
HL10057,Agent,2416012,Construction,51,57430,Salaried,Pune,5/18/2024
HL10058,Agent,6752810,Construction,59,48091,Salaried,Kolkata,5/3/2024
HL10059,Agent,1571650,Construction,42,282125,Self-employed,Jaipur,11/4/2024
HL10060,Agent,5476576,Construction,43,48989,Self-employed,Lucknow,8/15/2024
HL10061,DSA,9774533,Balance Transfer,32,100451,Self-employed,Kolkata,1/10/2024
HL10062,Telecalling,3863793,Construction,27,43990,Salaried,Pune,7/30/2024
HL10063,Builder,5909047,Construction,58,275541,Self-employed,Mumbai,4/21/2024
HL10064,Website,7881289,Balance Transfer,28,167105,Salaried,Delhi,1/8/2024
HL10065,Agent,8422212,Purchase,48,149932,Self-employed,Mumbai,10/18/2024
HL10066,Branch,4757974,Balance Transfer,26,293083,Salaried,Jaipur,12/27/2024
HL10067,Agent,9791689,Purchase,61,138000,Self-employed,Lucknow,9/9/2024
HL10068,Branch,8211179,Balance Transfer,61,203634,Salaried,Lucknow,1/14/2024
HL10069,Builder,11787713,Balance Transfer,57,60063,Self-employed,Jaipur,8/27/2024
HL10070,Builder,9767500,Construction,23,232793,Salaried,Kolkata,8/29/2024
HL10071,Builder,5199591,Purchase,46,183117,Self-employed,Delhi,12/7/2024
HL10072,Branch,6500545,Construction,58,109703,Self-employed,Pune,5/28/2024
HL10073,Agent,9291923,Purchase,28,260796,Salaried,Chennai,8/23/2024
HL10074,Builder,4154240,Balance Transfer,63,153557,Self-employed,Mumbai,11/1/2024
HL10075,DSA,10045310,Balance Transfer,53,278317,Salaried,Mumbai,6/15/2024
HL10076,Branch,8796324,Purchase,42,220877,Salaried,Hyderabad,1/20/2024
HL10077,Branch,12643208,Construction,46,68309,Self-employed,Delhi,8/3/2024
HL10078,Agent,11373904,Construction,47,68527,Salaried,Chennai,12/8/2024
HL10079,Branch,9112074,Construction,58,249490,Self-employed,Mumbai,5/14/2024
HL10080,Branch,3190222,Construction,43,164883,Self-employed,Chennai,1/27/2025
HL10081,Builder,13138391,Balance Transfer,52,118344,Salaried,Pune,5/8/2024
HL10082,Agent,3719269,Balance Transfer,46,180344,Self-employed,Lucknow,10/20/2024
HL10083,Builder,8235574,Balance Transfer,64,248564,Salaried,Chennai,9/2/2024
HL10084,Builder,6672354,Balance Transfer,52,72153,Salaried,Mumbai,7/7/2024
HL10085,Agent,6205597,Balance Transfer,44,133042,Self-employed,Kolkata,2/13/2024
HL10086,Website,6284958,Construction,50,79110,Self-employed,Delhi,3/26/2024
HL10087,Builder,14190724,Construction,29,170051,Salaried,Jaipur,2/13/2024
HL10088,DSA,11713405,Construction,57,266131,Salaried,Bengaluru,11/25/2024
HL10089,DSA,1786667,Construction,50,264173,Self-employed,Ahmedabad,1/9/2025
HL10090,Branch,10742257,Balance Transfer,36,53328,Self-employed,Ahmedabad,1/12/2025
HL10091,DSA,14758797,Balance Transfer,32,137911,Self-employed,Bengaluru,1/24/2025
HL10092,Branch,14961076,Balance Transfer,38,84234,Self-employed,Chennai,5/24/2024
HL10093,Website,2712503,Purchase,38,273503,Salaried,Delhi,2/20/2024
HL10094,Agent,12374026,Construction,53,252135,Self-employed,Chennai,8/29/2024
HL10095,Agent,4609736,Construction,64,98402,Salaried,Jaipur,10/20/2024
HL10096,Agent,9060833,Balance Transfer,47,30451,Salaried,Delhi,2/20/2024
HL10097,DSA,7638155,Construction,35,112178,Self-employed,Bengaluru,9/22/2024
HL10098,Website,2384418,Construction,28,261562,Salaried,Chennai,4/29/2024
HL10099,DSA,1386594,Balance Transfer,31,148765,Self-employed,Hyderabad,7/18/2024
HL10100,DSA,3869760,Purchase,58,153389,Salaried,Mumbai,9/4/2024
HL10101,Website,13195111,Purchase,42,214699,Self-employed,Kolkata,3/10/2024
HL10102,Website,13225855,Purchase,40,222227,Salaried,Lucknow,12/6/2024
HL10103,Website,2092501,Balance Transfer,43,290786,Salaried,Kolkata,2/26/2024
HL10104,Website,6238331,Construction,26,285220,Self-employed,Jaipur,1/16/2025
HL10105,Agent,9525631,Balance Transfer,55,250898,Self-employed,Chennai,2/8/2024
HL10106,Telecalling,2135964,Balance Transfer,49,93431,Salaried,Pune,10/15/2024
HL10107,Telecalling,14115207,Construction,29,80745,Salaried,Delhi,1/18/2024
HL10108,Website,10872232,Purchase,28,75081,Self-employed,Chennai,8/7/2024
HL10109,Telecalling,3155748,Purchase,37,241204,Salaried,Delhi,11/8/2024
HL10110,Telecalling,11344717,Balance Transfer,40,101253,Self-employed,Lucknow,8/31/2024
HL10111,Website,12433787,Purchase,54,297355,Salaried,Hyderabad,12/17/2024
HL10112,Telecalling,4925282,Balance Transfer,33,136086,Self-employed,Kolkata,10/30/2024
HL10113,DSA,1873172,Balance Transfer,42,118783,Salaried,Mumbai,10/24/2024
HL10114,Branch,13074148,Construction,46,150681,Self-employed,Lucknow,10/9/2024
HL10115,Branch,9910852,Construction,37,112893,Self-employed,Lucknow,3/14/2024
HL10116,Website,6655378,Construction,29,183763,Salaried,Kolkata,4/19/2024
HL10117,Agent,5873594,Balance Transfer,43,102960,Self-employed,Lucknow,6/28/2024
HL10118,Website,5063309,Construction,64,47601,Salaried,Pune,2/1/2024
HL10119,Agent,7941245,Purchase,48,164227,Self-employed,Pune,8/21/2024
HL10120,Branch,10451244,Purchase,36,225191,Self-employed,Ahmedabad,10/8/2024
HL10121,Website,11175529,Balance Transfer,59,192849,Self-employed,Ahmedabad,1/25/2024
HL10122,Builder,8817304,Balance Transfer,43,180604,Salaried,Pune,11/26/2024
HL10123,DSA,1829735,Construction,40,153727,Self-employed,Bengaluru,10/5/2024
HL10124,Telecalling,12724615,Balance Transfer,27,88227,Salaried,Hyderabad,8/13/2024
HL10125,Agent,8021862,Balance Transfer,25,161039,Self-employed,Delhi,2/26/2024
HL10126,Builder,13218983,Purchase,45,109289,Salaried,Hyderabad,6/28/2024
HL10127,Telecalling,9351245,Purchase,48,176094,Salaried,Jaipur,8/19/2024
HL10128,Telecalling,6282591,Construction,59,230743,Salaried,Lucknow,1/16/2025
HL10129,Website,8483058,Balance Transfer,46,292866,Self-employed,Mumbai,12/8/2024
HL10130,Telecalling,13918396,Balance Transfer,41,183485,Salaried,Lucknow,10/13/2024
HL10131,DSA,3562469,Purchase,47,258820,Self-employed,Hyderabad,3/4/2024
HL10132,Builder,4086176,Balance Transfer,43,261994,Salaried,Pune,8/19/2024
HL10133,Telecalling,7509590,Purchase,34,93323,Salaried,Kolkata,10/15/2024
HL10134,Website,6345854,Construction,63,65695,Salaried,Jaipur,7/31/2024
HL10135,DSA,12683982,Purchase,55,80841,Salaried,Pune,9/14/2024
HL10136,Branch,8490200,Balance Transfer,26,223784,Self-employed,Hyderabad,1/18/2024
HL10137,Builder,5883680,Construction,64,132096,Salaried,Kolkata,6/23/2024
HL10138,Telecalling,4681262,Purchase,29,117764,Salaried,Mumbai,8/16/2024
HL10139,Website,5633078,Purchase,44,110744,Self-employed,Hyderabad,8/13/2024
HL10140,Branch,3609089,Construction,55,34171,Salaried,Delhi,3/24/2024
HL10141,Branch,3508749,Construction,39,125755,Salaried,Chennai,10/17/2024
HL10142,Agent,1914228,Purchase,46,133125,Salaried,Kolkata,1/4/2025
HL10143,DSA,1953959,Balance Transfer,56,28696,Salaried,Hyderabad,9/2/2024
HL10144,Telecalling,11578023,Purchase,50,151310,Self-employed,Pune,4/19/2024
HL10145,Website,14504434,Construction,63,176385,Self-employed,Delhi,9/10/2024
HL10146,Agent,8905477,Purchase,61,70740,Salaried,Bengaluru,3/28/2024
HL10147,DSA,11016389,Construction,44,131611,Self-employed,Kolkata,3/12/2024
HL10148,Agent,4369538,Construction,39,273922,Self-employed,Delhi,1/15/2025
HL10149,Builder,12630982,Balance Transfer,56,88811,Salaried,Pune,1/30/2024
HL10150,DSA,1345266,Construction,28,207385,Self-employed,Hyderabad,6/20/2024
HL10151,DSA,13345287,Construction,28,88232,Salaried,Lucknow,11/4/2024
HL10152,Telecalling,10927209,Balance Transfer,56,180801,Self-employed,Mumbai,1/28/2025
HL10153,DSA,11966463,Construction,23,137492,Self-employed,Lucknow,12/8/2024
HL10154,Agent,12460083,Balance Transfer,32,55099,Self-employed,Chennai,6/25/2024
HL10155,DSA,5537358,Balance Transfer,43,254206,Salaried,Delhi,5/18/2024
HL10156,Telecalling,13392092,Construction,27,143474,Self-employed,Chennai,7/12/2024
HL10157,Telecalling,14899040,Construction,24,296400,Salaried,Mumbai,7/4/2024
HL10158,Builder,10496563,Purchase,44,268588,Salaried,Delhi,8/5/2024
HL10159,Agent,14656541,Balance Transfer,24,59681,Self-employed,Ahmedabad,6/12/2024
HL10160,Branch,13190618,Purchase,32,116328,Salaried,Pune,6/9/2024
HL10161,Branch,7867100,Construction,56,243512,Self-employed,Delhi,1/13/2024
HL10162,DSA,14904421,Purchase,38,59540,Salaried,Pune,10/22/2024
HL10163,Builder,11321336,Balance Transfer,61,182608,Salaried,Lucknow,3/29/2024
HL10164,Website,14436000,Purchase,44,109700,Self-employed,Jaipur,11/19/2024
HL10165,DSA,11288100,Balance Transfer,34,212647,Self-employed,Kolkata,2/11/2024
HL10166,Builder,6275034,Construction,46,71002,Self-employed,Jaipur,7/28/2024
HL10167,Agent,8553974,Construction,62,74812,Self-employed,Hyderabad,8/16/2024
HL10168,Agent,11750240,Balance Transfer,60,216051,Salaried,Kolkata,12/15/2024
HL10169,Agent,10803005,Construction,32,282906,Salaried,Kolkata,10/1/2024
HL10170,Agent,7097091,Construction,57,133946,Salaried,Bengaluru,10/5/2024
HL10171,Agent,14428545,Construction,54,91668,Self-employed,Kolkata,9/7/2024
HL10172,Builder,4177993,Construction,29,124003,Salaried,Mumbai,11/5/2024
HL10173,Builder,8705092,Balance Transfer,43,236142,Self-employed,Jaipur,7/26/2024
HL10174,Telecalling,8583354,Purchase,42,245462,Salaried,Lucknow,11/16/2024
HL10175,Branch,4131209,Purchase,48,219886,Self-employed,Pune,5/19/2024
HL10176,Agent,10612128,Construction,26,129601,Salaried,Hyderabad,10/6/2024
HL10177,Website,6813365,Purchase,44,294956,Salaried,Kolkata,2/3/2024
HL10178,Builder,5057893,Purchase,37,86844,Self-employed,Hyderabad,11/4/2024
HL10179,Website,6691276,Construction,62,226165,Salaried,Lucknow,1/26/2025
HL10180,Website,6397662,Construction,43,199870,Self-employed,Hyderabad,1/18/2024
HL10181,Website,12606243,Purchase,37,99601,Salaried,Lucknow,2/26/2024
HL10182,Telecalling,11688727,Balance Transfer,44,282927,Salaried,Kolkata,4/21/2024
HL10183,Builder,11288051,Construction,50,198423,Self-employed,Lucknow,1/5/2024
HL10184,Website,12837111,Balance Transfer,36,118330,Self-employed,Kolkata,6/30/2024
HL10185,Agent,10828366,Purchase,49,250391,Salaried,Bengaluru,1/13/2024
HL10186,DSA,2805468,Construction,63,238606,Salaried,Bengaluru,12/4/2024
HL10187,Website,4427975,Balance Transfer,62,216387,Salaried,Lucknow,10/11/2024
HL10188,Telecalling,7356228,Construction,50,266133,Salaried,Bengaluru,9/15/2024
HL10189,Builder,9514716,Purchase,48,187627,Salaried,Pune,3/30/2024
HL10190,Telecalling,12548718,Balance Transfer,24,203048,Salaried,Pune,4/13/2024
HL10191,Website,12618627,Purchase,47,70095,Self-employed,Bengaluru,1/13/2025
HL10192,Builder,11096300,Purchase,25,170342,Self-employed,Bengaluru,7/4/2024
HL10193,DSA,6525633,Construction,30,186980,Self-employed,Ahmedabad,9/6/2024
HL10194,Website,3080154,Balance Transfer,55,87433,Salaried,Ahmedabad,9/11/2024
HL10195,Telecalling,3244702,Purchase,64,44991,Salaried,Kolkata,3/16/2024
HL10196,Branch,4377778,Purchase,57,297919,Salaried,Lucknow,1/20/2025
HL10197,Agent,11918642,Balance Transfer,28,172745,Self-employed,Chennai,4/17/2024
HL10198,Telecalling,13920739,Purchase,61,147808,Self-employed,Chennai,6/4/2024
HL10199,Builder,6735193,Purchase,45,183128,Salaried,Bengaluru,3/22/2024
HL10200,Website,8726890,Balance Transfer,47,162686,Salaried,Hyderabad,3/17/2024
HL10201,Agent,6897498,Balance Transfer,41,32415,Self-employed,Bengaluru,9/14/2024
HL10202,Website,9357956,Balance Transfer,27,271038,Self-employed,Ahmedabad,5/6/2024
HL10203,Builder,12081363,Balance Transfer,33,279205,Self-employed,Kolkata,1/25/2025
HL10204,Website,9204298,Construction,34,213221,Salaried,Bengaluru,10/8/2024
HL10205,Branch,9776957,Balance Transfer,32,193616,Salaried,Jaipur,3/28/2024
HL10206,Agent,10451337,Construction,30,74976,Salaried,Hyderabad,7/22/2024
HL10207,Agent,12512679,Construction,46,290976,Self-employed,Jaipur,1/16/2024
HL10208,Builder,6843493,Construction,50,246883,Self-employed,Kolkata,5/30/2024
HL10209,Branch,4386501,Purchase,63,236509,Salaried,Kolkata,9/10/2024
HL10210,Telecalling,11367687,Construction,58,264241,Salaried,Pune,7/6/2024
HL10211,Website,8395350,Construction,59,244526,Self-employed,Delhi,11/24/2024
HL10212,DSA,5588334,Purchase,43,213799,Salaried,Jaipur,2/1/2024
HL10213,Website,12911513,Purchase,30,63578,Self-employed,Pune,9/27/2024
HL10214,Website,9464685,Purchase,31,115453,Self-employed,Ahmedabad,1/31/2025
HL10215,Telecalling,8168362,Balance Transfer,37,233859,Salaried,Mumbai,1/5/2024
HL10216,Website,5327819,Purchase,62,136435,Self-employed,Hyderabad,11/25/2024
HL10217,Branch,8284953,Purchase,40,241101,Salaried,Mumbai,11/3/2024
HL10218,Branch,2255564,Construction,64,176538,Self-employed,Lucknow,11/28/2024
HL10219,Agent,11296935,Purchase,42,70475,Self-employed,Ahmedabad,6/17/2024
HL10220,Builder,9514493,Balance Transfer,28,241232,Salaried,Ahmedabad,6/29/2024
HL10221,DSA,14479121,Purchase,34,182636,Self-employed,Mumbai,12/31/2024
HL10222,Website,9930264,Balance Transfer,24,178484,Salaried,Jaipur,6/26/2024
HL10223,Website,10059296,Purchase,29,118526,Salaried,Delhi,5/22/2024
HL10224,Telecalling,11673774,Purchase,38,76001,Self-employed,Jaipur,12/27/2024
HL10225,Builder,5424507,Purchase,25,217029,Salaried,Mumbai,9/4/2024
HL10226,Branch,14396650,Purchase,25,169228,Salaried,Lucknow,5/6/2024
HL10227,DSA,11440139,Balance Transfer,49,50711,Salaried,Jaipur,9/19/2024
HL10228,Agent,3792427,Balance Transfer,62,55106,Salaried,Chennai,2/9/2024
HL10229,Branch,12309411,Construction,60,242583,Salaried,Jaipur,12/20/2024
HL10230,Builder,4357679,Balance Transfer,55,163286,Salaried,Kolkata,9/11/2024
HL10231,Agent,6748035,Purchase,50,252189,Self-employed,Pune,5/22/2024
HL10232,Telecalling,5390020,Construction,23,151479,Salaried,Hyderabad,8/27/2024
HL10233,Telecalling,3681719,Construction,30,161213,Self-employed,Jaipur,8/15/2024
HL10234,Website,1890695,Construction,59,53884,Self-employed,Delhi,12/6/2024
HL10235,Builder,13583038,Purchase,54,289852,Salaried,Delhi,7/16/2024
HL10236,DSA,1838761,Balance Transfer,59,40088,Self-employed,Jaipur,3/5/2024
HL10237,Agent,8367664,Purchase,26,201118,Self-employed,Bengaluru,1/22/2025
HL10238,Branch,9888923,Construction,52,297158,Salaried,Ahmedabad,1/11/2024
HL10239,Builder,6352825,Purchase,28,220497,Salaried,Jaipur,4/17/2024
HL10240,Builder,11803080,Purchase,41,203207,Salaried,Ahmedabad,1/26/2024
HL10241,Telecalling,10688053,Balance Transfer,54,103077,Self-employed,Chennai,5/30/2024
HL10242,Website,14324338,Balance Transfer,31,164784,Self-employed,Mumbai,8/8/2024
HL10243,Website,9887324,Construction,34,230776,Salaried,Chennai,12/6/2024
HL10244,Agent,12529677,Purchase,33,94087,Salaried,Jaipur,8/24/2024
HL10245,Telecalling,4321127,Purchase,38,299441,Self-employed,Delhi,8/24/2024
HL10246,Builder,3559272,Balance Transfer,23,265341,Self-employed,Bengaluru,8/6/2024
HL10247,DSA,3276106,Purchase,43,93368,Self-employed,Lucknow,5/30/2024
HL10248,Telecalling,7960534,Purchase,52,244571,Self-employed,Ahmedabad,5/2/2024
HL10249,Agent,8374592,Purchase,35,276514,Salaried,Pune,5/23/2024
HL10250,Agent,7575716,Balance Transfer,56,167180,Self-employed,Ahmedabad,7/7/2024
HL10251,Telecalling,3002324,Construction,26,284904,Self-employed,Kolkata,9/11/2024
HL10252,Agent,7262105,Construction,50,102603,Self-employed,Hyderabad,3/8/2024
HL10253,Telecalling,13715629,Purchase,60,58872,Self-employed,Jaipur,4/13/2024
HL10254,Branch,12712931,Construction,53,297872,Salaried,Chennai,12/1/2024
HL10255,Telecalling,7671318,Balance Transfer,49,110774,Salaried,Pune,6/7/2024
HL10256,Telecalling,13340024,Balance Transfer,27,223522,Self-employed,Delhi,11/4/2024
HL10257,Agent,1494592,Construction,47,245357,Self-employed,Delhi,12/27/2024
HL10258,Agent,12634494,Construction,25,90942,Salaried,Delhi,10/26/2024
HL10259,Website,13242869,Purchase,55,38689,Salaried,Lucknow,1/30/2025
HL10260,Website,14799990,Construction,26,58276,Self-employed,Kolkata,3/30/2024
HL10261,Branch,4578226,Purchase,47,126968,Self-employed,Delhi,12/22/2024
HL10262,Website,7149031,Purchase,42,91216,Salaried,Delhi,9/12/2024
HL10263,Telecalling,11418062,Balance Transfer,56,240516,Salaried,Jaipur,12/18/2024
HL10264,Agent,3427540,Balance Transfer,48,46644,Salaried,Kolkata,8/7/2024
HL10265,Website,2715630,Balance Transfer,27,87021,Salaried,Bengaluru,1/9/2024
HL10266,Website,1318408,Balance Transfer,57,193197,Salaried,Bengaluru,1/12/2024
HL10267,Branch,9856884,Construction,50,67291,Salaried,Kolkata,11/20/2024
HL10268,Builder,14597832,Balance Transfer,51,50675,Self-employed,Hyderabad,8/31/2024
HL10269,Branch,11543305,Construction,31,174359,Salaried,Lucknow,6/30/2024
HL10270,Telecalling,9900019,Balance Transfer,60,287318,Salaried,Pune,10/10/2024
HL10271,Agent,12311416,Construction,28,117268,Salaried,Ahmedabad,11/7/2024
HL10272,Branch,4117172,Purchase,41,209384,Salaried,Jaipur,4/8/2024
HL10273,Website,10272985,Construction,33,130410,Self-employed,Mumbai,7/15/2024
HL10274,Agent,7304680,Construction,24,154887,Self-employed,Bengaluru,12/31/2024
HL10275,Agent,5235042,Balance Transfer,31,226554,Salaried,Kolkata,8/13/2024
HL10276,Website,2898739,Construction,43,59675,Self-employed,Pune,11/28/2024
HL10277,Branch,10617944,Purchase,46,291317,Self-employed,Kolkata,4/12/2024
HL10278,Website,2017433,Purchase,56,206517,Self-employed,Ahmedabad,4/15/2024
HL10279,Builder,9104010,Balance Transfer,44,95305,Self-employed,Pune,12/30/2024
HL10280,Agent,5661029,Purchase,25,193636,Self-employed,Bengaluru,1/2/2025
HL10281,DSA,12149697,Construction,34,113791,Self-employed,Delhi,2/27/2024
HL10282,DSA,4678086,Purchase,50,184034,Salaried,Kolkata,3/18/2024
HL10283,Telecalling,14757649,Balance Transfer,52,95533,Salaried,Mumbai,3/15/2024
HL10284,Website,2581530,Construction,48,212256,Salaried,Bengaluru,2/11/2024
HL10285,Website,14427105,Balance Transfer,43,166650,Salaried,Chennai,11/19/2024
HL10286,Telecalling,3087258,Construction,50,156060,Salaried,Mumbai,6/29/2024
HL10287,Telecalling,13881424,Purchase,48,174696,Self-employed,Hyderabad,2/2/2024
HL10288,Telecalling,5856447,Balance Transfer,55,267188,Salaried,Lucknow,3/11/2024
HL10289,Agent,9369066,Balance Transfer,43,262501,Salaried,Bengaluru,2/25/2024
HL10290,Builder,7857658,Construction,57,208887,Self-employed,Delhi,4/14/2024
HL10291,Website,14833067,Balance Transfer,56,29986,Self-employed,Bengaluru,7/18/2024
HL10292,Agent,12137786,Construction,63,288625,Salaried,Ahmedabad,4/10/2024
HL10293,Telecalling,1996530,Construction,40,225339,Self-employed,Pune,9/12/2024
HL10294,Website,10159861,Construction,33,146950,Self-employed,Kolkata,11/2/2024
HL10295,Agent,3601623,Construction,45,150355,Self-employed,Pune,3/14/2024
HL10296,Builder,10766854,Purchase,44,52798,Self-employed,Pune,6/19/2024
HL10297,Agent,7231219,Construction,39,116649,Salaried,Bengaluru,1/11/2025
HL10298,Builder,5108997,Balance Transfer,27,44477,Self-employed,Ahmedabad,5/22/2024
HL10299,Telecalling,12292148,Purchase,33,242400,Salaried,Kolkata,6/14/2024
HL10300,Builder,4364695,Balance Transfer,52,242060,Salaried,Kolkata,2/2/2025
HL10301,Website,13367008,Purchase,37,298586,Self-employed,Pune,9/17/2024
HL10302,Telecalling,13966064,Construction,49,131464,Self-employed,Hyderabad,8/8/2024
HL10303,Website,14537564,Purchase,57,156184,Self-employed,Lucknow,3/23/2024
HL10304,DSA,11580030,Purchase,55,112051,Salaried,Ahmedabad,6/30/2024
HL10305,Branch,2045482,Balance Transfer,42,175653,Self-employed,Hyderabad,11/2/2024
HL10306,Builder,6786265,Balance Transfer,38,270300,Self-employed,Jaipur,1/10/2024
HL10307,Branch,6908635,Construction,56,84722,Self-employed,Jaipur,1/30/2025
HL10308,Branch,8487345,Purchase,24,117036,Self-employed,Mumbai,1/4/2024
HL10309,Builder,10683910,Purchase,57,253634,Self-employed,Pune,12/16/2024
HL10310,Telecalling,13391248,Purchase,62,172595,Salaried,Kolkata,12/1/2024
HL10311,DSA,1570451,Construction,50,273709,Self-employed,Bengaluru,10/18/2024
HL10312,Website,9408424,Construction,61,166880,Self-employed,Kolkata,10/7/2024
HL10313,Agent,1967344,Construction,28,260419,Self-employed,Kolkata,8/2/2024
HL10314,Website,12243667,Construction,31,179692,Salaried,Delhi,4/7/2024
HL10315,Agent,3412149,Construction,42,288031,Self-employed,Kolkata,4/10/2024
HL10316,Website,6398869,Balance Transfer,23,110024,Salaried,Mumbai,1/9/2024
HL10317,Builder,4352252,Purchase,30,270809,Salaried,Hyderabad,3/1/2024
HL10318,DSA,4732839,Purchase,45,143639,Self-employed,Jaipur,11/4/2024
HL10319,Agent,10427504,Purchase,25,106938,Self-employed,Kolkata,5/25/2024
HL10320,Telecalling,12686214,Purchase,26,242813,Self-employed,Kolkata,3/3/2024
HL10321,Website,8022336,Purchase,47,277100,Salaried,Delhi,4/30/2024
HL10322,Website,6768927,Purchase,60,109526,Salaried,Ahmedabad,8/13/2024
HL10323,Agent,3878604,Purchase,37,71220,Salaried,Bengaluru,4/14/2024
HL10324,Telecalling,12969501,Purchase,43,100277,Salaried,Ahmedabad,9/16/2024
HL10325,Telecalling,5327858,Balance Transfer,57,147332,Salaried,Bengaluru,12/14/2024
HL10326,Builder,13345210,Purchase,36,259231,Salaried,Lucknow,9/11/2024
HL10327,Builder,13485559,Balance Transfer,58,47931,Self-employed,Kolkata,7/25/2024
HL10328,Builder,8433533,Construction,34,114116,Self-employed,Delhi,1/28/2024
HL10329,Builder,9652831,Purchase,39,276671,Salaried,Chennai,6/18/2024
HL10330,Builder,14691164,Construction,61,76913,Self-employed,Pune,12/1/2024
HL10331,Builder,6984684,Construction,31,275216,Self-employed,Jaipur,3/16/2024
HL10332,DSA,12707868,Construction,57,119776,Salaried,Hyderabad,4/25/2024
HL10333,Telecalling,3694287,Balance Transfer,35,50991,Salaried,Jaipur,3/9/2024
HL10334,Builder,11055079,Construction,37,210917,Self-employed,Hyderabad,12/19/2024
HL10335,Telecalling,7511634,Construction,40,129092,Salaried,Lucknow,8/21/2024
HL10336,Telecalling,14781009,Construction,55,254577,Salaried,Ahmedabad,1/1/2024
HL10337,Branch,5621056,Purchase,28,211384,Self-employed,Mumbai,6/15/2024
HL10338,DSA,9976973,Purchase,49,262113,Salaried,Kolkata,12/17/2024
HL10339,Builder,14407602,Balance Transfer,45,120556,Self-employed,Chennai,8/5/2024
HL10340,Website,1703662,Balance Transfer,49,181989,Self-employed,Hyderabad,9/29/2024
HL10341,Agent,2305585,Purchase,56,153467,Self-employed,Pune,1/2/2025
HL10342,Website,5092097,Balance Transfer,60,243800,Self-employed,Hyderabad,9/7/2024
HL10343,DSA,14769205,Purchase,36,151155,Self-employed,Mumbai,12/12/2024
HL10344,Agent,3659440,Construction,58,84778,Salaried,Jaipur,12/9/2024
HL10345,DSA,10988209,Construction,30,70833,Salaried,Delhi,6/22/2024
HL10346,Telecalling,4943645,Balance Transfer,57,57088,Salaried,Jaipur,6/18/2024
HL10347,Agent,5495013,Purchase,41,235722,Salaried,Lucknow,9/2/2024
HL10348,Telecalling,13440382,Purchase,52,221375,Self-employed,Delhi,3/30/2024
HL10349,Website,7094467,Balance Transfer,36,101361,Self-employed,Jaipur,2/18/2024
HL10350,Website,10623424,Purchase,42,160189,Salaried,Pune,10/20/2024
HL10351,Agent,11013959,Construction,47,115265,Self-employed,Jaipur,5/29/2024
HL10352,Agent,11353564,Balance Transfer,62,122718,Salaried,Pune,5/11/2024
HL10353,Builder,6517366,Balance Transfer,46,119876,Salaried,Pune,2/28/2024
HL10354,DSA,4448678,Purchase,36,55949,Salaried,Delhi,11/19/2024
HL10355,Builder,14942402,Balance Transfer,48,237954,Self-employed,Ahmedabad,7/17/2024
HL10356,DSA,10515807,Purchase,60,136541,Self-employed,Bengaluru,8/2/2024
HL10357,Builder,12899657,Purchase,45,220691,Self-employed,Kolkata,1/20/2025
HL10358,Telecalling,6211593,Purchase,44,86842,Self-employed,Hyderabad,2/18/2024
HL10359,Agent,13451794,Purchase,41,257930,Salaried,Bengaluru,8/19/2024
HL10360,Website,14490337,Purchase,25,172265,Self-employed,Mumbai,9/3/2024
HL10361,DSA,11669435,Balance Transfer,64,155356,Self-employed,Ahmedabad,1/16/2025
HL10362,DSA,9370262,Construction,41,269629,Self-employed,Bengaluru,8/26/2024
HL10363,Website,11174518,Construction,31,237802,Salaried,Delhi,1/1/2025
HL10364,Builder,5846769,Balance Transfer,50,190582,Salaried,Mumbai,6/16/2024
HL10365,DSA,12484508,Balance Transfer,42,288450,Self-employed,Chennai,2/17/2024
HL10366,Telecalling,8449607,Construction,29,28849,Self-employed,Ahmedabad,2/20/2024
HL10367,Agent,5043064,Construction,36,37360,Self-employed,Bengaluru,10/25/2024
HL10368,Website,14839094,Construction,31,278279,Self-employed,Mumbai,4/7/2024
HL10369,Agent,3602967,Construction,41,119767,Salaried,Chennai,8/3/2024
HL10370,DSA,4438550,Construction,36,286445,Self-employed,Jaipur,6/25/2024
HL10371,DSA,1076218,Purchase,60,201872,Self-employed,Mumbai,1/14/2025
HL10372,Website,7878974,Balance Transfer,58,79330,Self-employed,Delhi,3/20/2024
HL10373,Telecalling,1770044,Purchase,62,76707,Salaried,Jaipur,7/3/2024
HL10374,Branch,6579079,Construction,39,54084,Salaried,Delhi,1/1/2025
HL10375,Website,11935349,Construction,52,65387,Self-employed,Bengaluru,2/2/2025
HL10376,Branch,14061358,Construction,31,27642,Self-employed,Kolkata,1/27/2024
HL10377,Builder,14044964,Purchase,55,211633,Self-employed,Bengaluru,7/13/2024
HL10378,Branch,12868738,Purchase,47,171510,Self-employed,Jaipur,8/1/2024
HL10379,Telecalling,4185714,Construction,36,279511,Self-employed,Pune,1/3/2025
HL10380,Builder,2728096,Purchase,33,288957,Salaried,Bengaluru,12/7/2024
HL10381,Branch,9736347,Purchase,57,109381,Salaried,Jaipur,4/23/2024
HL10382,Builder,9860935,Construction,63,274880,Salaried,Mumbai,8/29/2024
HL10383,Branch,8667105,Purchase,36,218984,Self-employed,Lucknow,5/3/2024
HL10384,Telecalling,3694946,Balance Transfer,52,85272,Salaried,Bengaluru,10/31/2024
HL10385,Branch,5229215,Balance Transfer,63,198123,Salaried,Mumbai,3/16/2024
HL10386,Branch,2922135,Balance Transfer,26,238808,Salaried,Delhi,11/6/2024
HL10387,Branch,8021855,Balance Transfer,26,278091,Self-employed,Ahmedabad,11/7/2024
HL10388,Website,1978039,Construction,50,289064,Self-employed,Kolkata,7/14/2024
HL10389,Website,10288493,Construction,30,131121,Salaried,Delhi,12/16/2024
HL10390,Website,9997354,Construction,24,101872,Self-employed,Delhi,2/13/2024
HL10391,Telecalling,8352207,Balance Transfer,63,289237,Salaried,Jaipur,7/4/2024
HL10392,Builder,12391427,Balance Transfer,44,146759,Salaried,Pune,12/8/2024
HL10393,DSA,13899827,Purchase,63,107289,Salaried,Hyderabad,9/2/2024
HL10394,Branch,1499876,Purchase,38,141506,Salaried,Lucknow,3/24/2024
HL10395,Branch,2962165,Balance Transfer,51,103513,Self-employed,Pune,7/25/2024
HL10396,Telecalling,8985620,Balance Transfer,52,207003,Self-employed,Jaipur,5/30/2024
HL10397,Branch,1611213,Balance Transfer,34,284480,Self-employed,Kolkata,6/4/2024
HL10398,Website,1768734,Balance Transfer,57,287043,Self-employed,Lucknow,1/16/2024
HL10399,DSA,8750575,Purchase,33,216758,Salaried,Lucknow,6/13/2024
HL10400,Agent,5241361,Balance Transfer,43,158498,Self-employed,Jaipur,5/24/2024
HL10401,Branch,6511174,Purchase,43,279024,Salaried,Chennai,2/6/2024
HL10402,Website,2839433,Balance Transfer,27,155970,Self-employed,Delhi,11/28/2024
HL10403,Agent,7569632,Balance Transfer,42,115009,Self-employed,Ahmedabad,2/14/2024
HL10404,DSA,4672214,Balance Transfer,59,224570,Self-employed,Chennai,7/24/2024
HL10405,Agent,3026580,Purchase,25,222467,Salaried,Jaipur,3/2/2024
HL10406,Website,14291666,Purchase,55,69816,Salaried,Chennai,12/21/2024
HL10407,Builder,8229039,Construction,31,29138,Salaried,Ahmedabad,11/3/2024
HL10408,Builder,8507324,Balance Transfer,31,116176,Salaried,Jaipur,1/19/2024
HL10409,Agent,7202258,Construction,26,291161,Self-employed,Jaipur,12/30/2024
HL10410,Telecalling,5339235,Construction,57,297595,Salaried,Lucknow,10/26/2024
HL10411,Agent,10880860,Purchase,39,219028,Salaried,Chennai,1/7/2024
HL10412,Branch,4526737,Purchase,56,297422,Self-employed,Mumbai,9/5/2024
HL10413,Branch,9790529,Construction,46,246552,Self-employed,Bengaluru,4/26/2024
HL10414,Builder,3008960,Balance Transfer,54,68764,Salaried,Jaipur,3/8/2024
HL10415,Telecalling,5455214,Purchase,23,148030,Self-employed,Chennai,2/3/2024
HL10416,Website,9476563,Balance Transfer,30,120667,Salaried,Hyderabad,7/12/2024
HL10417,Branch,7918889,Balance Transfer,45,85128,Self-employed,Kolkata,11/20/2024
HL10418,Builder,4816446,Construction,62,244128,Salaried,Hyderabad,2/24/2024
HL10419,DSA,4376513,Construction,34,258540,Salaried,Chennai,9/22/2024
HL10420,Builder,2937878,Construction,34,30039,Salaried,Delhi,2/11/2024
HL10421,Branch,13790902,Construction,37,177353,Salaried,Delhi,10/23/2024
HL10422,Branch,11473867,Purchase,63,137935,Salaried,Chennai,8/18/2024
HL10423,Builder,11864147,Purchase,41,35442,Self-employed,Lucknow,1/12/2025
HL10424,Website,14121796,Construction,48,78053,Salaried,Lucknow,1/28/2025
HL10425,Agent,7193956,Purchase,51,206561,Salaried,Jaipur,1/10/2024
HL10426,Branch,14579173,Construction,44,239176,Salaried,Ahmedabad,12/23/2024
HL10427,Builder,2705215,Balance Transfer,62,111346,Salaried,Bengaluru,5/7/2024
HL10428,Builder,6437149,Balance Transfer,43,59397,Salaried,Jaipur,6/27/2024
HL10429,Telecalling,11878177,Balance Transfer,60,141214,Self-employed,Hyderabad,1/26/2025
HL10430,Agent,8271476,Construction,42,182221,Self-employed,Bengaluru,7/11/2024
HL10431,DSA,7429611,Balance Transfer,51,138143,Salaried,Hyderabad,4/1/2024
HL10432,Website,4266402,Purchase,26,288013,Self-employed,Lucknow,1/3/2025
HL10433,DSA,14489651,Balance Transfer,29,288158,Salaried,Chennai,8/18/2024
HL10434,Agent,9121849,Balance Transfer,50,35103,Self-employed,Ahmedabad,3/18/2024
HL10435,Agent,9104789,Balance Transfer,50,107409,Self-employed,Hyderabad,3/25/2024
HL10436,Agent,11372459,Purchase,26,48248,Salaried,Lucknow,1/30/2024
HL10437,DSA,5108880,Construction,44,199588,Self-employed,Ahmedabad,7/31/2024
HL10438,Agent,6499593,Purchase,34,180242,Self-employed,Jaipur,2/18/2024
HL10439,Builder,14126263,Construction,25,33024,Salaried,Chennai,9/21/2024
HL10440,DSA,5261946,Construction,44,259864,Salaried,Kolkata,5/24/2024
HL10441,Agent,1090093,Balance Transfer,24,199875,Self-employed,Delhi,3/9/2024
HL10442,Builder,10944790,Construction,46,168927,Self-employed,Pune,2/27/2024
HL10443,Telecalling,13800127,Purchase,56,110178,Self-employed,Ahmedabad,7/3/2024
HL10444,Agent,11392287,Purchase,49,88610,Salaried,Kolkata,3/2/2024
HL10445,DSA,2732465,Construction,63,95843,Self-employed,Kolkata,11/3/2024
HL10446,Branch,13618866,Balance Transfer,23,132237,Self-employed,Ahmedabad,10/22/2024
HL10447,Agent,4173584,Balance Transfer,30,205903,Self-employed,Kolkata,6/14/2024
HL10448,Branch,14109773,Purchase,45,199499,Salaried,Hyderabad,6/19/2024
HL10449,Builder,12045415,Balance Transfer,60,155299,Salaried,Kolkata,3/3/2024
HL10450,Telecalling,3859244,Construction,28,30668,Salaried,Lucknow,5/26/2024
HL10451,Website,1886040,Construction,44,247542,Salaried,Bengaluru,11/1/2024
HL10452,Telecalling,1322918,Purchase,47,203267,Self-employed,Hyderabad,6/9/2024
HL10453,Agent,14655240,Construction,40,180489,Salaried,Kolkata,5/20/2024
HL10454,Branch,12327221,Purchase,39,131133,Self-employed,Jaipur,11/29/2024
HL10455,Branch,3245909,Construction,34,297895,Self-employed,Delhi,4/6/2024
HL10456,DSA,13451050,Purchase,28,294496,Self-employed,Chennai,8/8/2024
HL10457,Branch,1116739,Balance Transfer,48,235124,Self-employed,Kolkata,2/12/2024
HL10458,DSA,10675193,Construction,49,113835,Salaried,Mumbai,10/18/2024
HL10459,Builder,10168924,Construction,30,122493,Salaried,Delhi,1/12/2025
HL10460,Website,12923158,Purchase,41,197166,Salaried,Jaipur,4/17/2024
HL10461,Agent,12878474,Purchase,64,126948,Salaried,Lucknow,9/22/2024
HL10462,DSA,10755461,Construction,23,210194,Salaried,Kolkata,4/4/2024
HL10463,Website,2014929,Purchase,51,54493,Self-employed,Lucknow,9/18/2024
HL10464,Branch,10955455,Construction,57,224886,Salaried,Kolkata,11/8/2024
HL10465,Branch,3420564,Balance Transfer,62,163368,Salaried,Pune,1/19/2025
HL10466,Website,11971177,Purchase,36,181470,Salaried,Bengaluru,3/11/2024
HL10467,Branch,10868643,Construction,57,38261,Salaried,Lucknow,8/6/2024
HL10468,Builder,9577064,Balance Transfer,42,101709,Self-employed,Bengaluru,1/21/2024
HL10469,Builder,3653093,Balance Transfer,35,120985,Self-employed,Delhi,4/1/2024
HL10470,Website,4303457,Construction,60,292247,Self-employed,Pune,5/6/2024
HL10471,DSA,13474020,Purchase,30,271404,Self-employed,Chennai,3/20/2024
HL10472,DSA,13811416,Construction,42,125336,Self-employed,Hyderabad,11/7/2024
HL10473,Website,6888997,Balance Transfer,55,138499,Salaried,Bengaluru,8/25/2024
HL10474,DSA,7944121,Construction,48,174524,Self-employed,Pune,1/6/2025
HL10475,DSA,7238795,Purchase,61,191508,Self-employed,Bengaluru,6/30/2024
HL10476,Builder,5767348,Balance Transfer,43,172026,Self-employed,Ahmedabad,1/25/2024
HL10477,DSA,14672297,Construction,64,275819,Salaried,Jaipur,6/4/2024
HL10478,Telecalling,1716756,Purchase,63,37356,Salaried,Chennai,1/5/2024
HL10479,Agent,9439834,Balance Transfer,31,153128,Self-employed,Jaipur,4/29/2024
HL10480,Branch,7790968,Purchase,46,27187,Salaried,Kolkata,10/3/2024
HL10481,Telecalling,4751198,Balance Transfer,59,177297,Salaried,Bengaluru,1/18/2024
HL10482,DSA,13010117,Construction,63,159678,Self-employed,Kolkata,7/16/2024
HL10483,Builder,8369434,Purchase,39,151270,Salaried,Mumbai,2/26/2024
HL10484,Website,4138145,Balance Transfer,46,267998,Salaried,Bengaluru,4/2/2024
HL10485,DSA,13286219,Purchase,43,266503,Salaried,Pune,1/19/2024
HL10486,Builder,2226476,Purchase,61,87061,Self-employed,Chennai,1/18/2025
HL10487,Agent,5184056,Construction,63,260497,Self-employed,Kolkata,12/18/2024
HL10488,DSA,9960820,Purchase,61,106257,Self-employed,Bengaluru,7/11/2024
HL10489,Website,13807049,Balance Transfer,35,86753,Salaried,Mumbai,8/24/2024
HL10490,Builder,2500844,Balance Transfer,33,48408,Self-employed,Jaipur,1/21/2025
HL10491,Builder,10317776,Balance Transfer,41,149116,Salaried,Pune,10/3/2024
HL10492,Builder,4443609,Balance Transfer,33,156208,Salaried,Ahmedabad,8/14/2024
HL10493,Agent,9752084,Construction,35,42413,Salaried,Bengaluru,8/20/2024
HL10494,DSA,2400283,Purchase,23,138650,Self-employed,Ahmedabad,2/9/2024
HL10495,Agent,6927613,Construction,62,84500,Self-employed,Delhi,11/18/2024
HL10496,Branch,1691757,Purchase,41,81358,Self-employed,Chennai,6/1/2024
HL10497,Branch,1390719,Purchase,34,91197,Self-employed,Bengaluru,5/6/2024
HL10498,DSA,10916545,Purchase,30,248861,Salaried,Lucknow,8/24/2024
HL10499,Agent,10538555,Construction,30,248492,Self-employed,Mumbai,2/24/2024
HL10500,Website,7854453,Purchase,34,286545,Salaried,Kolkata,6/20/2024
HL10501,Builder,4337920,Construction,55,101240,Self-employed,Lucknow,4/18/2024
HL10502,Builder,4296050,Balance Transfer,48,260595,Self-employed,Delhi,12/19/2024
HL10503,DSA,3118324,Balance Transfer,61,246135,Self-employed,Chennai,7/2/2024
HL10504,Branch,7827299,Purchase,50,31968,Salaried,Jaipur,1/2/2025
HL10505,Branch,7247794,Construction,27,215920,Salaried,Pune,7/16/2024
HL10506,Builder,14579033,Balance Transfer,30,288844,Salaried,Ahmedabad,1/5/2025
HL10507,DSA,8917596,Construction,47,257076,Salaried,Delhi,1/7/2025
HL10508,Agent,12067540,Construction,49,48199,Salaried,Kolkata,3/27/2024
HL10509,Branch,5902666,Purchase,45,188187,Self-employed,Pune,7/19/2024
HL10510,Agent,1876031,Balance Transfer,52,210388,Salaried,Jaipur,12/2/2024
HL10511,Branch,7232739,Purchase,45,30520,Salaried,Kolkata,11/17/2024
HL10512,Branch,2270896,Purchase,42,134814,Salaried,Mumbai,10/1/2024
HL10513,Telecalling,12952314,Balance Transfer,40,192527,Salaried,Ahmedabad,7/29/2024
HL10514,Branch,2059622,Balance Transfer,40,271356,Self-employed,Lucknow,1/25/2025
HL10515,Website,5422375,Construction,24,148364,Salaried,Bengaluru,4/27/2024
HL10516,DSA,1378165,Balance Transfer,26,39955,Self-employed,Delhi,7/9/2024
HL10517,DSA,10097270,Construction,52,200121,Self-employed,Bengaluru,2/11/2024
HL10518,Agent,5131479,Construction,55,169989,Self-employed,Pune,2/11/2024
HL10519,Branch,14898485,Construction,58,275144,Salaried,Bengaluru,11/10/2024
HL10520,Website,10400725,Balance Transfer,40,89925,Self-employed,Lucknow,10/2/2024
HL10521,Agent,10033796,Purchase,59,95269,Salaried,Hyderabad,11/24/2024
HL10522,Telecalling,1415008,Construction,41,177185,Salaried,Pune,1/17/2024
HL10523,Agent,2631993,Purchase,50,124977,Salaried,Ahmedabad,10/9/2024
HL10524,Agent,4351278,Purchase,62,54345,Salaried,Kolkata,9/14/2024
HL10525,Branch,3342035,Balance Transfer,42,280688,Salaried,Ahmedabad,3/3/2024
HL10526,Telecalling,8978450,Purchase,55,286798,Self-employed,Bengaluru,3/2/2024
HL10527,Agent,6703394,Purchase,34,203933,Self-employed,Chennai,4/9/2024
HL10528,Website,8240947,Balance Transfer,37,122406,Salaried,Pune,1/19/2024
HL10529,Website,3768362,Construction,63,28453,Self-employed,Kolkata,1/17/2024
HL10530,DSA,12415376,Purchase,61,127811,Salaried,Jaipur,11/20/2024
HL10531,Telecalling,2170365,Balance Transfer,24,79935,Self-employed,Mumbai,1/7/2025
HL10532,Telecalling,10068026,Purchase,51,199442,Self-employed,Ahmedabad,9/2/2024
HL10533,DSA,14283692,Purchase,63,295472,Self-employed,Ahmedabad,9/7/2024
HL10534,Agent,11000362,Construction,32,40534,Self-employed,Pune,3/21/2024
HL10535,Telecalling,10503201,Purchase,24,61320,Self-employed,Chennai,2/8/2024
HL10536,Website,10615560,Balance Transfer,33,74170,Salaried,Bengaluru,2/5/2024
HL10537,Website,6931161,Purchase,35,125546,Salaried,Bengaluru,1/22/2025
HL10538,Branch,7790593,Construction,32,105201,Self-employed,Pune,7/15/2024
HL10539,Telecalling,5851188,Construction,36,259473,Salaried,Ahmedabad,6/6/2024
HL10540,Agent,3721864,Balance Transfer,40,295784,Self-employed,Kolkata,7/22/2024
HL10541,DSA,4947208,Construction,31,256324,Salaried,Mumbai,7/14/2024
HL10542,DSA,7984720,Purchase,61,186121,Self-employed,Pune,8/3/2024
HL10543,Agent,12327104,Construction,50,258612,Self-employed,Kolkata,10/11/2024
HL10544,Builder,8733308,Balance Transfer,25,212125,Self-employed,Kolkata,7/14/2024
HL10545,Branch,4875754,Construction,42,225796,Salaried,Jaipur,11/2/2024
HL10546,DSA,3704999,Construction,28,168279,Salaried,Lucknow,5/31/2024
HL10547,Telecalling,6298217,Construction,49,221846,Self-employed,Hyderabad,1/14/2024
HL10548,Branch,12382808,Balance Transfer,24,189044,Self-employed,Mumbai,11/20/2024
HL10549,Telecalling,2324070,Construction,51,227160,Salaried,Delhi,5/25/2024
HL10550,Website,8364386,Construction,60,95463,Salaried,Chennai,2/26/2024
HL10551,Branch,12579522,Purchase,25,118500,Salaried,Hyderabad,7/29/2024
HL10552,DSA,11912996,Balance Transfer,38,232772,Salaried,Jaipur,9/24/2024
HL10553,Branch,11047595,Construction,52,62158,Salaried,Mumbai,7/28/2024
HL10554,Branch,13264882,Balance Transfer,62,109607,Self-employed,Bengaluru,1/17/2024
HL10555,Branch,12226589,Construction,24,270017,Salaried,Hyderabad,10/12/2024
HL10556,Builder,6787749,Construction,39,145076,Self-employed,Bengaluru,12/9/2024
HL10557,Branch,2661793,Construction,63,83692,Self-employed,Chennai,7/21/2024
HL10558,Telecalling,7576651,Purchase,34,155841,Salaried,Bengaluru,4/8/2024
HL10559,Website,7867218,Purchase,57,217816,Salaried,Chennai,10/5/2024
HL10560,Agent,10004644,Purchase,23,186081,Self-employed,Mumbai,7/27/2024
HL10561,Branch,8466027,Balance Transfer,37,136718,Salaried,Ahmedabad,5/8/2024
HL10562,DSA,12780026,Balance Transfer,48,25192,Self-employed,Chennai,11/30/2024
HL10563,Branch,14963258,Purchase,59,272536,Salaried,Kolkata,10/14/2024
HL10564,DSA,5987696,Balance Transfer,43,61413,Salaried,Delhi,9/8/2024
HL10565,Telecalling,1428988,Construction,53,168888,Salaried,Delhi,9/21/2024
HL10566,DSA,5084752,Construction,47,64082,Self-employed,Pune,9/27/2024
HL10567,Agent,5374857,Construction,45,148130,Salaried,Delhi,7/6/2024
HL10568,Website,14143608,Purchase,46,75940,Self-employed,Pune,8/1/2024
HL10569,DSA,3977590,Balance Transfer,60,188202,Salaried,Delhi,10/9/2024
HL10570,DSA,8599600,Purchase,50,65142,Self-employed,Chennai,7/29/2024
HL10571,Website,7610734,Balance Transfer,43,61468,Salaried,Kolkata,12/30/2024
HL10572,Agent,4297291,Construction,40,166727,Self-employed,Ahmedabad,3/16/2024
HL10573,Branch,13191037,Purchase,58,203969,Self-employed,Bengaluru,5/27/2024
HL10574,DSA,5894287,Balance Transfer,57,261187,Self-employed,Jaipur,11/16/2024
HL10575,Website,8954647,Balance Transfer,31,67056,Self-employed,Delhi,7/31/2024
HL10576,Telecalling,3490706,Construction,60,76831,Self-employed,Ahmedabad,4/18/2024
HL10577,Website,8542535,Purchase,52,274664,Self-employed,Ahmedabad,5/8/2024
HL10578,Telecalling,10580510,Purchase,56,133117,Salaried,Chennai,1/10/2024
HL10579,Agent,9047252,Purchase,54,68954,Self-employed,Mumbai,2/16/2024
HL10580,Branch,6254224,Construction,25,258192,Self-employed,Mumbai,1/13/2025
HL10581,Website,11880726,Purchase,25,25717,Self-employed,Delhi,11/10/2024
HL10582,Builder,7215140,Construction,50,298820,Salaried,Jaipur,4/5/2024
HL10583,DSA,4737973,Construction,37,205882,Salaried,Delhi,4/12/2024
HL10584,Agent,3202575,Construction,63,143696,Salaried,Delhi,1/14/2025
HL10585,Website,7611653,Balance Transfer,45,29994,Self-employed,Pune,12/7/2024
HL10586,DSA,1464071,Purchase,62,291378,Salaried,Kolkata,5/25/2024
HL10587,Website,5381137,Purchase,33,94300,Salaried,Kolkata,1/2/2025
HL10588,Telecalling,5912216,Construction,54,62405,Self-employed,Jaipur,1/27/2024
HL10589,Website,10164043,Construction,58,48185,Self-employed,Pune,8/7/2024
HL10590,Builder,11563214,Purchase,55,199514,Salaried,Ahmedabad,1/18/2024
HL10591,Website,8597626,Construction,46,158653,Self-employed,Pune,6/15/2024
HL10592,Website,4498472,Purchase,61,76717,Self-employed,Delhi,3/22/2024
HL10593,Builder,12394924,Balance Transfer,56,27763,Self-employed,Mumbai,3/12/2024
HL10594,Agent,9369689,Construction,50,80480,Self-employed,Hyderabad,11/5/2024
HL10595,Website,2564718,Purchase,59,194831,Salaried,Jaipur,9/10/2024
HL10596,Builder,6139743,Construction,29,232139,Self-employed,Ahmedabad,6/10/2024
HL10597,DSA,11523401,Purchase,26,143094,Salaried,Chennai,11/22/2024
HL10598,Telecalling,10991183,Purchase,59,181379,Salaried,Hyderabad,2/7/2024
HL10599,Telecalling,4813270,Construction,23,252443,Salaried,Hyderabad,1/27/2025
HL10600,Website,5806425,Balance Transfer,23,36064,Salaried,Pune,7/19/2024
HL10601,Agent,7609876,Purchase,42,101848,Self-employed,Bengaluru,7/18/2024
HL10602,Agent,3378837,Purchase,41,62548,Self-employed,Hyderabad,9/11/2024
HL10603,DSA,7123769,Purchase,51,193017,Self-employed,Delhi,6/27/2024
HL10604,Website,2524102,Balance Transfer,32,293620,Salaried,Lucknow,2/4/2024
HL10605,Telecalling,12579149,Balance Transfer,40,27382,Salaried,Mumbai,3/22/2024
HL10606,Agent,10052788,Construction,50,201348,Salaried,Mumbai,1/23/2025
HL10607,Website,3383366,Balance Transfer,57,104698,Self-employed,Lucknow,2/1/2025
HL10608,Agent,3035848,Construction,53,270762,Salaried,Kolkata,8/7/2024
HL10609,Builder,6122930,Construction,49,268381,Self-employed,Delhi,6/6/2024
HL10610,Agent,11828463,Balance Transfer,33,70095,Self-employed,Chennai,1/4/2024
HL10611,Telecalling,9593223,Construction,60,47010,Self-employed,Hyderabad,6/15/2024
HL10612,Branch,10913841,Balance Transfer,27,158962,Self-employed,Kolkata,7/22/2024
HL10613,DSA,13284630,Construction,30,134162,Salaried,Delhi,7/12/2024
HL10614,DSA,11192348,Balance Transfer,56,295170,Self-employed,Pune,8/22/2024
HL10615,Telecalling,7691409,Balance Transfer,34,93842,Salaried,Mumbai,7/24/2024
HL10616,Agent,13356830,Construction,60,296421,Self-employed,Kolkata,5/29/2024
HL10617,Website,12457501,Purchase,23,198311,Salaried,Jaipur,6/7/2024
HL10618,Agent,1838003,Construction,53,156742,Salaried,Hyderabad,10/5/2024
HL10619,Telecalling,4433382,Balance Transfer,26,245283,Self-employed,Hyderabad,10/30/2024
HL10620,DSA,9670178,Purchase,27,173961,Self-employed,Chennai,1/15/2025
HL10621,Agent,12571601,Construction,52,200607,Self-employed,Bengaluru,6/14/2024
HL10622,DSA,13469690,Construction,46,270144,Salaried,Jaipur,11/6/2024
HL10623,Website,4395049,Construction,25,177711,Self-employed,Hyderabad,3/8/2024
HL10624,DSA,1066150,Purchase,33,220784,Self-employed,Ahmedabad,3/28/2024
HL10625,DSA,8951632,Balance Transfer,26,277217,Salaried,Jaipur,8/4/2024
HL10626,Branch,8429645,Construction,48,188244,Self-employed,Hyderabad,1/1/2024
HL10627,Branch,11822814,Construction,49,126158,Salaried,Lucknow,5/14/2024
HL10628,Builder,7081687,Construction,49,298721,Self-employed,Jaipur,7/3/2024
HL10629,Branch,9948331,Construction,64,88972,Salaried,Delhi,12/16/2024
HL10630,DSA,3547500,Construction,28,125922,Salaried,Jaipur,5/19/2024
HL10631,Telecalling,12744353,Balance Transfer,37,60931,Self-employed,Chennai,4/15/2024
HL10632,DSA,10388162,Balance Transfer,52,149168,Salaried,Pune,5/12/2024
HL10633,Telecalling,5193060,Construction,64,191782,Self-employed,Pune,4/17/2024
HL10634,Telecalling,13547242,Purchase,59,148099,Self-employed,Pune,6/26/2024
HL10635,Branch,1134055,Balance Transfer,59,59693,Salaried,Delhi,10/24/2024
HL10636,Agent,10064630,Purchase,64,133944,Self-employed,Kolkata,12/23/2024
HL10637,Website,10198550,Balance Transfer,59,249655,Salaried,Pune,1/14/2025
HL10638,Branch,13267883,Construction,57,232574,Salaried,Mumbai,1/30/2025
HL10639,Branch,10084966,Balance Transfer,45,272572,Salaried,Delhi,12/24/2024
HL10640,Agent,12984398,Construction,28,70913,Salaried,Kolkata,5/25/2024
HL10641,Website,14725559,Balance Transfer,26,222097,Salaried,Mumbai,3/14/2024
HL10642,DSA,2841648,Construction,40,112796,Salaried,Mumbai,4/17/2024
HL10643,Builder,14938179,Construction,31,109811,Salaried,Mumbai,5/1/2024
HL10644,Builder,8132508,Construction,51,215121,Salaried,Ahmedabad,1/17/2024
HL10645,DSA,7437845,Construction,35,257892,Self-employed,Chennai,7/14/2024
HL10646,Branch,11077080,Purchase,39,64178,Self-employed,Chennai,11/22/2024
HL10647,Website,4828433,Construction,54,41999,Salaried,Delhi,11/13/2024
HL10648,Branch,3735264,Purchase,44,220623,Self-employed,Mumbai,10/23/2024
HL10649,Telecalling,14594639,Purchase,26,196244,Self-employed,Lucknow,9/8/2024
HL10650,Branch,5448748,Construction,27,297769,Self-employed,Jaipur,4/28/2024
HL10651,Branch,12089321,Purchase,59,223237,Self-employed,Kolkata,6/10/2024
HL10652,DSA,8152747,Balance Transfer,63,31859,Self-employed,Chennai,7/16/2024
HL10653,DSA,11697597,Construction,35,135986,Self-employed,Pune,2/14/2024
HL10654,DSA,5137270,Purchase,56,257654,Salaried,Delhi,11/9/2024
HL10655,Builder,5317922,Construction,44,74522,Self-employed,Kolkata,6/27/2024
HL10656,Telecalling,13504233,Construction,45,255233,Self-employed,Delhi,1/16/2025
HL10657,DSA,9847905,Construction,25,32485,Self-employed,Lucknow,2/13/2024
HL10658,Website,8465373,Purchase,64,268056,Self-employed,Ahmedabad,9/27/2024
HL10659,Builder,2020154,Balance Transfer,56,137701,Salaried,Ahmedabad,3/18/2024
HL10660,Agent,9070924,Balance Transfer,54,232352,Salaried,Mumbai,11/21/2024
HL10661,Website,7843532,Purchase,43,127638,Salaried,Ahmedabad,6/26/2024
HL10662,Website,5945169,Construction,43,209514,Salaried,Delhi,12/22/2024
HL10663,DSA,7733215,Purchase,33,299370,Self-employed,Pune,1/3/2024
HL10664,Agent,13465759,Purchase,61,118405,Salaried,Mumbai,8/1/2024
HL10665,Agent,9195810,Purchase,26,235048,Salaried,Hyderabad,12/7/2024
HL10666,Builder,8904294,Construction,23,187781,Salaried,Kolkata,3/14/2024
HL10667,Agent,8185197,Purchase,50,62019,Salaried,Lucknow,2/20/2024
HL10668,Telecalling,14123571,Construction,46,286497,Self-employed,Mumbai,3/7/2024
HL10669,DSA,9171548,Purchase,57,90133,Salaried,Delhi,11/27/2024
HL10670,Agent,7714301,Balance Transfer,35,222530,Self-employed,Kolkata,4/2/2024
HL10671,Builder,12192304,Purchase,56,183598,Salaried,Pune,6/24/2024
HL10672,Telecalling,11481981,Purchase,33,153585,Self-employed,Bengaluru,5/24/2024
HL10673,Branch,14824747,Balance Transfer,58,270172,Self-employed,Lucknow,1/7/2024
HL10674,Branch,11760888,Construction,39,150814,Salaried,Delhi,9/25/2024
HL10675,Telecalling,12305231,Construction,57,50939,Salaried,Lucknow,1/10/2025
HL10676,Builder,12095479,Purchase,40,178939,Salaried,Chennai,11/17/2024
HL10677,Telecalling,10258731,Balance Transfer,62,287347,Salaried,Bengaluru,1/4/2024
HL10678,DSA,12374857,Construction,44,115880,Self-employed,Kolkata,5/17/2024
HL10679,DSA,8969693,Purchase,46,28748,Self-employed,Ahmedabad,8/18/2024
HL10680,Branch,2859582,Balance Transfer,41,261094,Salaried,Delhi,3/28/2024
HL10681,Agent,13833107,Construction,59,176956,Salaried,Lucknow,1/17/2024
HL10682,Builder,14775236,Construction,61,181255,Self-employed,Kolkata,2/21/2024
HL10683,Branch,8744064,Balance Transfer,43,175331,Salaried,Ahmedabad,5/13/2024
HL10684,Agent,3129885,Balance Transfer,30,192031,Self-employed,Pune,7/29/2024
HL10685,Agent,5720642,Balance Transfer,50,150829,Salaried,Pune,11/20/2024
HL10686,DSA,11595756,Balance Transfer,27,153216,Self-employed,Lucknow,1/27/2025
HL10687,Website,14141133,Purchase,39,90901,Self-employed,Mumbai,8/6/2024
HL10688,Website,1549239,Balance Transfer,59,268386,Self-employed,Chennai,7/23/2024
HL10689,Telecalling,9945309,Construction,58,200607,Self-employed,Mumbai,7/29/2024
HL10690,DSA,6408753,Construction,41,123046,Self-employed,Chennai,10/3/2024
HL10691,Agent,4047569,Purchase,49,103278,Salaried,Delhi,1/24/2024
HL10692,Builder,14481917,Construction,56,299535,Self-employed,Hyderabad,1/4/2024
HL10693,Website,14619492,Construction,33,127476,Salaried,Lucknow,5/31/2024
HL10694,Agent,14016728,Balance Transfer,34,122537,Self-employed,Jaipur,9/15/2024
HL10695,Website,10659072,Construction,43,206429,Self-employed,Lucknow,11/19/2024
HL10696,Website,1785332,Purchase,33,242980,Salaried,Bengaluru,12/22/2024
HL10697,Website,10156558,Balance Transfer,61,100403,Salaried,Ahmedabad,6/16/2024
HL10698,Builder,9555080,Balance Transfer,50,89286,Salaried,Bengaluru,6/24/2024
HL10699,DSA,1397710,Purchase,27,129927,Salaried,Pune,11/5/2024
HL10700,Builder,7503216,Balance Transfer,39,48386,Self-employed,Chennai,10/17/2024
HL10701,Branch,5317048,Balance Transfer,42,202826,Salaried,Ahmedabad,2/25/2024
HL10702,Agent,4188729,Purchase,63,277156,Self-employed,Pune,4/17/2024
HL10703,DSA,5785956,Balance Transfer,34,273724,Salaried,Ahmedabad,10/22/2024
HL10704,DSA,6105724,Purchase,28,226202,Salaried,Mumbai,11/19/2024
HL10705,DSA,6025764,Purchase,39,50525,Self-employed,Pune,10/28/2024
HL10706,DSA,12238779,Construction,41,104818,Self-employed,Mumbai,11/29/2024
HL10707,Builder,8996198,Construction,48,139589,Salaried,Mumbai,5/20/2024
HL10708,DSA,1910775,Balance Transfer,54,170406,Self-employed,Ahmedabad,6/3/2024
HL10709,Telecalling,6954878,Balance Transfer,28,119715,Self-employed,Kolkata,9/18/2024
HL10710,Agent,14495639,Purchase,58,218839,Self-employed,Bengaluru,9/29/2024
HL10711,DSA,11985482,Balance Transfer,60,293788,Self-employed,Pune,8/19/2024
HL10712,Agent,6927997,Purchase,33,282438,Self-employed,Jaipur,8/28/2024
HL10713,Telecalling,1558924,Purchase,55,192679,Self-employed,Kolkata,12/20/2024
HL10714,Telecalling,4881185,Balance Transfer,46,108178,Self-employed,Bengaluru,12/2/2024
HL10715,Agent,13762264,Purchase,45,200458,Self-employed,Pune,9/14/2024
HL10716,Website,6004998,Construction,37,279466,Salaried,Chennai,9/5/2024
HL10717,Branch,13401203,Balance Transfer,49,111724,Self-employed,Bengaluru,3/17/2024
HL10718,Website,11679043,Construction,33,254204,Salaried,Jaipur,6/28/2024
HL10719,Website,6166650,Balance Transfer,39,121393,Self-employed,Lucknow,3/6/2024
HL10720,Builder,14497927,Purchase,36,101312,Self-employed,Delhi,11/3/2024
HL10721,Website,6693075,Balance Transfer,49,96196,Self-employed,Mumbai,12/13/2024
HL10722,DSA,9109916,Construction,40,95014,Self-employed,Delhi,6/19/2024
HL10723,Builder,6193278,Purchase,50,166994,Salaried,Kolkata,1/22/2024
HL10724,Builder,1431413,Balance Transfer,26,58340,Salaried,Lucknow,1/1/2025
HL10725,Telecalling,10741172,Balance Transfer,29,138711,Self-employed,Mumbai,4/16/2024
HL10726,Website,11812658,Balance Transfer,57,240250,Salaried,Pune,11/18/2024
HL10727,Telecalling,5165100,Construction,31,36094,Self-employed,Kolkata,8/14/2024
HL10728,Agent,14534573,Construction,30,292885,Self-employed,Jaipur,1/30/2025
HL10729,Branch,1863561,Balance Transfer,39,136585,Salaried,Ahmedabad,8/3/2024
HL10730,Builder,1302186,Purchase,39,93798,Salaried,Pune,3/9/2024
HL10731,Agent,4207393,Purchase,55,226604,Self-employed,Bengaluru,3/24/2024
HL10732,Agent,6489464,Construction,54,135130,Self-employed,Ahmedabad,4/12/2024
HL10733,DSA,8456985,Purchase,30,191667,Salaried,Kolkata,2/8/2024
HL10734,Branch,7767528,Construction,41,55257,Self-employed,Bengaluru,1/13/2024
HL10735,Agent,13217072,Balance Transfer,60,77691,Salaried,Jaipur,10/23/2024
HL10736,Agent,2026553,Construction,25,104768,Self-employed,Delhi,11/8/2024
HL10737,Branch,10623810,Construction,27,39026,Self-employed,Bengaluru,6/29/2024
HL10738,Branch,9533879,Balance Transfer,35,250162,Salaried,Delhi,9/24/2024
HL10739,Agent,11604293,Purchase,53,44610,Salaried,Mumbai,1/13/2024
HL10740,Branch,14551364,Construction,38,202718,Salaried,Chennai,4/29/2024
HL10741,Agent,4743797,Construction,54,203646,Self-employed,Hyderabad,12/18/2024
HL10742,Agent,2514542,Balance Transfer,44,247123,Self-employed,Pune,2/26/2024
HL10743,DSA,7357718,Purchase,51,44288,Self-employed,Hyderabad,2/9/2024
HL10744,Website,5180656,Construction,44,109425,Self-employed,Mumbai,1/8/2025
HL10745,Agent,12318792,Balance Transfer,25,25917,Salaried,Bengaluru,12/1/2024
HL10746,Telecalling,9465506,Construction,32,278187,Self-employed,Mumbai,5/7/2024
HL10747,Builder,12683705,Balance Transfer,64,64104,Self-employed,Hyderabad,6/21/2024
HL10748,Website,7846192,Purchase,43,174134,Self-employed,Hyderabad,2/4/2024
HL10749,Website,9676924,Purchase,38,287091,Salaried,Pune,9/15/2024
HL10750,Website,11397562,Purchase,34,86169,Self-employed,Ahmedabad,1/10/2025
HL10751,DSA,8347689,Purchase,24,179542,Self-employed,Lucknow,1/5/2024
HL10752,Agent,2829553,Construction,63,154744,Salaried,Mumbai,8/5/2024
HL10753,DSA,13477265,Construction,46,84821,Self-employed,Chennai,1/11/2024
HL10754,Agent,4041341,Purchase,57,242741,Self-employed,Lucknow,1/16/2025
HL10755,DSA,2039504,Purchase,52,274265,Salaried,Mumbai,11/22/2024
HL10756,DSA,7666455,Purchase,52,239127,Self-employed,Jaipur,4/26/2024
HL10757,Builder,13476418,Construction,57,299336,Self-employed,Kolkata,7/2/2024
HL10758,Telecalling,11493666,Purchase,41,228834,Self-employed,Kolkata,1/28/2025
HL10759,DSA,8663589,Purchase,30,259538,Salaried,Hyderabad,12/27/2024
HL10760,Builder,8918348,Purchase,48,111795,Self-employed,Kolkata,4/25/2024
HL10761,Branch,5988023,Balance Transfer,62,190159,Self-employed,Delhi,6/10/2024
HL10762,Telecalling,8635836,Purchase,29,160699,Salaried,Chennai,3/7/2024
HL10763,DSA,8809006,Balance Transfer,52,268877,Salaried,Kolkata,7/18/2024
HL10764,Website,14297992,Balance Transfer,29,224298,Self-employed,Bengaluru,1/31/2024
HL10765,Branch,2675843,Purchase,25,213505,Self-employed,Delhi,3/15/2024
HL10766,Branch,9423309,Balance Transfer,23,161285,Self-employed,Lucknow,8/24/2024
HL10767,Builder,4229028,Purchase,58,127412,Self-employed,Delhi,11/22/2024
HL10768,Branch,8056993,Construction,47,44404,Salaried,Mumbai,3/6/2024
HL10769,Telecalling,2721610,Construction,59,141545,Self-employed,Hyderabad,3/10/2024
HL10770,DSA,11569320,Construction,23,247128,Salaried,Pune,10/23/2024
HL10771,DSA,3339767,Construction,37,175245,Salaried,Pune,1/20/2024
HL10772,Website,3614235,Balance Transfer,59,209099,Self-employed,Jaipur,8/13/2024
HL10773,Builder,1491036,Purchase,35,286657,Self-employed,Chennai,1/30/2025
HL10774,Website,9715912,Purchase,62,281875,Salaried,Mumbai,7/17/2024
HL10775,Branch,7046914,Purchase,30,39995,Salaried,Pune,2/8/2024
HL10776,Website,11851224,Construction,27,48559,Self-employed,Hyderabad,5/24/2024
HL10777,Telecalling,3710241,Construction,31,123000,Salaried,Lucknow,2/14/2024
HL10778,DSA,12822411,Purchase,23,177191,Self-employed,Pune,1/29/2025
HL10779,Branch,2142953,Construction,58,50517,Self-employed,Bengaluru,11/21/2024
HL10780,Website,4961352,Purchase,57,240558,Salaried,Delhi,1/15/2025
HL10781,Builder,4978702,Purchase,24,130686,Salaried,Pune,3/31/2024
HL10782,Telecalling,13447783,Purchase,62,113151,Self-employed,Mumbai,8/25/2024
HL10783,Telecalling,9168984,Purchase,45,290471,Salaried,Kolkata,3/10/2024
HL10784,Website,1326916,Purchase,31,145318,Self-employed,Kolkata,6/14/2024
HL10785,DSA,4597706,Purchase,56,220490,Self-employed,Lucknow,5/9/2024
HL10786,Website,5506554,Purchase,36,198860,Self-employed,Kolkata,8/1/2024
HL10787,Branch,1605409,Construction,26,140945,Salaried,Lucknow,12/5/2024
HL10788,Website,10462743,Purchase,52,238456,Self-employed,Mumbai,3/29/2024
HL10789,Telecalling,12377787,Purchase,53,77446,Self-employed,Chennai,11/30/2024
HL10790,Website,7849486,Construction,60,212655,Self-employed,Kolkata,9/8/2024
HL10791,DSA,6050405,Construction,33,165148,Self-employed,Jaipur,1/3/2025
HL10792,Builder,9337735,Construction,57,94341,Self-employed,Hyderabad,12/14/2024
HL10793,Agent,2725690,Purchase,30,56085,Self-employed,Delhi,3/12/2024
HL10794,Website,4280772,Balance Transfer,25,30750,Self-employed,Kolkata,6/13/2024
HL10795,DSA,9197295,Balance Transfer,36,60903,Self-employed,Lucknow,2/18/2024
HL10796,DSA,6809041,Construction,35,228561,Self-employed,Mumbai,2/21/2024
HL10797,Builder,13546501,Balance Transfer,54,116036,Self-employed,Kolkata,10/15/2024
HL10798,Telecalling,6087268,Construction,56,112954,Self-employed,Pune,10/4/2024
HL10799,DSA,7155579,Purchase,41,142305,Salaried,Kolkata,4/23/2024
HL10800,DSA,1403119,Balance Transfer,60,225753,Self-employed,Lucknow,8/26/2024
HL10801,DSA,9212420,Purchase,38,57101,Self-employed,Bengaluru,5/12/2024
HL10802,DSA,14718476,Balance Transfer,24,27775,Self-employed,Bengaluru,9/30/2024
HL10803,Branch,13555377,Purchase,62,136497,Salaried,Kolkata,6/14/2024
HL10804,Branch,13708903,Balance Transfer,39,70619,Self-employed,Delhi,1/8/2025
HL10805,Telecalling,1402732,Purchase,56,277388,Salaried,Mumbai,1/7/2025
HL10806,Website,1506079,Purchase,64,258346,Self-employed,Jaipur,10/19/2024
HL10807,DSA,2950013,Balance Transfer,38,90149,Self-employed,Jaipur,8/30/2024
HL10808,Builder,12012444,Purchase,60,51616,Salaried,Kolkata,11/15/2024
HL10809,Website,2132658,Purchase,24,246767,Self-employed,Kolkata,5/17/2024
HL10810,Builder,2985209,Purchase,24,210639,Salaried,Bengaluru,3/19/2024
HL10811,Website,5322626,Balance Transfer,48,193171,Salaried,Lucknow,6/18/2024
HL10812,Telecalling,1656951,Balance Transfer,35,231903,Self-employed,Delhi,5/2/2024
HL10813,DSA,9399911,Purchase,53,256318,Self-employed,Kolkata,6/24/2024
HL10814,DSA,10598817,Purchase,56,80863,Self-employed,Jaipur,10/26/2024
HL10815,Agent,4479591,Balance Transfer,61,198115,Self-employed,Mumbai,3/22/2024
HL10816,Builder,14881178,Balance Transfer,25,278347,Salaried,Chennai,3/27/2024
HL10817,Website,6203916,Purchase,30,214052,Salaried,Pune,8/12/2024
HL10818,Website,7026988,Purchase,45,160203,Self-employed,Kolkata,1/16/2024
HL10819,Branch,8426263,Purchase,36,272908,Salaried,Lucknow,11/5/2024
HL10820,Agent,3366610,Construction,49,298493,Salaried,Kolkata,12/23/2024
HL10821,Branch,5180303,Balance Transfer,51,217003,Self-employed,Lucknow,6/11/2024
HL10822,Branch,10456807,Construction,61,299597,Salaried,Delhi,4/7/2024
HL10823,Branch,14305947,Balance Transfer,61,174886,Salaried,Chennai,6/4/2024
HL10824,Builder,13564832,Balance Transfer,23,174335,Self-employed,Hyderabad,1/2/2024
HL10825,Builder,5684346,Balance Transfer,39,102694,Salaried,Mumbai,12/15/2024
HL10826,Telecalling,1458298,Balance Transfer,63,40735,Self-employed,Mumbai,1/31/2025
HL10827,Telecalling,2047343,Balance Transfer,52,200745,Salaried,Lucknow,6/17/2024
HL10828,Branch,6719720,Balance Transfer,35,245534,Self-employed,Bengaluru,11/10/2024
HL10829,Agent,9493836,Balance Transfer,43,70066,Salaried,Lucknow,11/20/2024
HL10830,Website,5620650,Construction,41,256387,Salaried,Bengaluru,1/9/2025
HL10831,Builder,2755692,Purchase,41,159445,Self-employed,Ahmedabad,4/1/2024
HL10832,Agent,10272664,Purchase,47,297836,Self-employed,Jaipur,6/29/2024
HL10833,DSA,2730228,Construction,44,70541,Self-employed,Mumbai,8/18/2024
HL10834,Builder,2946793,Construction,53,190129,Self-employed,Delhi,10/27/2024
HL10835,Builder,2569123,Construction,39,91983,Salaried,Lucknow,5/27/2024
HL10836,Telecalling,7115518,Construction,45,175655,Salaried,Delhi,10/6/2024
HL10837,Website,12667877,Balance Transfer,54,178837,Salaried,Chennai,7/7/2024
HL10838,Website,8393979,Purchase,32,215359,Self-employed,Delhi,12/12/2024
HL10839,DSA,11115078,Balance Transfer,32,235747,Salaried,Kolkata,12/15/2024
HL10840,DSA,12729028,Purchase,58,202597,Salaried,Jaipur,11/9/2024
HL10841,Builder,9437482,Purchase,30,194302,Self-employed,Kolkata,5/7/2024
HL10842,Branch,2622572,Construction,42,277084,Self-employed,Pune,1/7/2024
HL10843,Telecalling,4220281,Balance Transfer,54,146015,Salaried,Lucknow,2/16/2024
HL10844,Telecalling,3689784,Construction,36,197257,Self-employed,Mumbai,2/22/2024
HL10845,Builder,9175602,Balance Transfer,50,271536,Salaried,Lucknow,7/5/2024
HL10846,Agent,1709662,Purchase,46,249021,Salaried,Jaipur,2/7/2024
HL10847,Branch,7863382,Construction,37,155956,Self-employed,Hyderabad,8/13/2024
HL10848,Builder,6321129,Construction,44,95744,Salaried,Hyderabad,2/22/2024
HL10849,Branch,14261162,Purchase,52,98616,Self-employed,Pune,2/2/2025
HL10850,Branch,9859060,Purchase,26,112438,Self-employed,Jaipur,8/11/2024
HL10851,Branch,6672605,Purchase,35,141841,Salaried,Ahmedabad,6/2/2024
HL10852,Builder,11528294,Construction,45,165558,Salaried,Ahmedabad,2/17/2024
HL10853,Telecalling,3592670,Balance Transfer,30,194934,Salaried,Ahmedabad,12/16/2024
HL10854,Telecalling,5810833,Construction,40,277734,Self-employed,Mumbai,5/26/2024
HL10855,Branch,7703459,Balance Transfer,34,83870,Salaried,Mumbai,1/27/2025
HL10856,Agent,7417665,Construction,53,111694,Self-employed,Ahmedabad,3/4/2024
HL10857,Website,1442061,Construction,36,262068,Self-employed,Hyderabad,12/14/2024
HL10858,Builder,12723340,Purchase,56,126407,Salaried,Jaipur,6/30/2024
HL10859,Website,4761675,Balance Transfer,40,56379,Self-employed,Delhi,5/4/2024
HL10860,Agent,11649894,Construction,56,261500,Salaried,Jaipur,6/27/2024
HL10861,Builder,8415745,Construction,33,79353,Salaried,Ahmedabad,2/8/2024
HL10862,Branch,9082655,Purchase,63,206068,Salaried,Jaipur,9/16/2024
HL10863,Telecalling,9877580,Purchase,34,236144,Salaried,Chennai,1/16/2025
HL10864,Website,10512602,Balance Transfer,37,90982,Salaried,Mumbai,1/3/2024
HL10865,DSA,4081328,Construction,53,61683,Salaried,Mumbai,3/4/2024
HL10866,DSA,6371112,Balance Transfer,51,139091,Salaried,Hyderabad,1/29/2024
HL10867,Agent,13486672,Construction,48,142797,Self-employed,Delhi,1/6/2025
HL10868,Branch,12006311,Balance Transfer,40,31587,Salaried,Ahmedabad,1/11/2024
HL10869,Website,9551646,Purchase,54,254602,Self-employed,Lucknow,4/6/2024
HL10870,Branch,8281505,Construction,44,176599,Self-employed,Hyderabad,12/23/2024
HL10871,Website,6124795,Balance Transfer,60,298295,Self-employed,Hyderabad,7/21/2024
HL10872,Agent,6411263,Purchase,39,215246,Salaried,Delhi,1/21/2024
HL10873,Agent,4963735,Purchase,45,69739,Self-employed,Kolkata,2/8/2024
HL10874,DSA,10763180,Balance Transfer,46,57954,Self-employed,Ahmedabad,8/10/2024
HL10875,Branch,11744482,Construction,30,268935,Salaried,Lucknow,4/11/2024
HL10876,Builder,7493509,Construction,63,134373,Salaried,Mumbai,2/15/2024
HL10877,DSA,9989138,Purchase,28,59700,Self-employed,Delhi,3/6/2024
HL10878,Branch,14810077,Construction,27,148728,Salaried,Lucknow,3/31/2024
HL10879,DSA,13037574,Construction,51,96045,Salaried,Chennai,6/12/2024
HL10880,Builder,10466441,Construction,50,169972,Salaried,Hyderabad,4/20/2024
HL10881,Telecalling,11966248,Purchase,33,26881,Salaried,Delhi,12/3/2024
HL10882,Telecalling,9824031,Balance Transfer,23,113059,Self-employed,Mumbai,5/2/2024
HL10883,Telecalling,2192929,Construction,41,239566,Salaried,Jaipur,7/11/2024
HL10884,Telecalling,9711998,Purchase,31,134388,Salaried,Mumbai,4/8/2024
HL10885,Website,7555035,Purchase,49,223303,Salaried,Chennai,10/17/2024
HL10886,Telecalling,11052829,Balance Transfer,56,290406,Self-employed,Delhi,6/7/2024
HL10887,Builder,5068316,Construction,26,106972,Self-employed,Chennai,4/12/2024
HL10888,Agent,9067987,Construction,58,79722,Salaried,Ahmedabad,1/19/2025
HL10889,Agent,2656671,Balance Transfer,40,206890,Salaried,Ahmedabad,10/7/2024
HL10890,Website,6681635,Balance Transfer,37,294045,Self-employed,Jaipur,2/12/2024
HL10891,Telecalling,7145265,Purchase,35,142473,Salaried,Hyderabad,3/24/2024
HL10892,Telecalling,9527171,Purchase,41,295741,Salaried,Kolkata,7/9/2024
HL10893,Telecalling,1783066,Balance Transfer,28,240286,Self-employed,Bengaluru,2/20/2024
HL10894,DSA,10943231,Construction,34,268896,Salaried,Lucknow,1/20/2025
HL10895,Branch,5899856,Purchase,59,181877,Salaried,Chennai,7/28/2024
HL10896,DSA,7240779,Purchase,39,36874,Self-employed,Lucknow,5/5/2024
HL10897,Branch,5055957,Construction,45,249137,Self-employed,Jaipur,3/9/2024
HL10898,Telecalling,7617488,Purchase,48,120408,Salaried,Lucknow,9/21/2024
HL10899,Telecalling,1597897,Construction,51,145606,Self-employed,Lucknow,9/14/2024
HL10900,DSA,4941237,Construction,55,145062,Salaried,Mumbai,7/6/2024
HL10901,DSA,10161408,Construction,49,37100,Salaried,Delhi,8/17/2024
HL10902,Branch,14885461,Balance Transfer,47,175872,Salaried,Hyderabad,7/7/2024
HL10903,Agent,3042999,Balance Transfer,32,219472,Self-employed,Bengaluru,1/10/2024
HL10904,Branch,12911162,Balance Transfer,45,259196,Self-employed,Delhi,4/23/2024
HL10905,DSA,4659985,Construction,43,232609,Salaried,Mumbai,3/16/2024
HL10906,Builder,2902897,Construction,43,176014,Salaried,Lucknow,6/12/2024
HL10907,DSA,9019213,Balance Transfer,35,298813,Self-employed,Bengaluru,3/25/2024
HL10908,Builder,4576511,Purchase,59,209844,Self-employed,Mumbai,2/18/2024
HL10909,Website,2163950,Construction,55,298022,Self-employed,Mumbai,11/21/2024
HL10910,DSA,1549148,Purchase,46,290129,Salaried,Mumbai,6/25/2024
HL10911,Website,3773707,Purchase,33,229720,Self-employed,Ahmedabad,1/21/2025
HL10912,Agent,14067002,Construction,39,66235,Self-employed,Bengaluru,1/23/2025
HL10913,Branch,6068002,Construction,26,117876,Salaried,Mumbai,8/5/2024
HL10914,Builder,3773939,Purchase,47,25336,Salaried,Kolkata,7/7/2024
HL10915,Branch,2935740,Purchase,52,94504,Salaried,Lucknow,12/11/2024
HL10916,Website,4434955,Balance Transfer,31,124214,Self-employed,Bengaluru,8/17/2024
HL10917,Builder,5936710,Balance Transfer,43,207220,Salaried,Ahmedabad,9/11/2024
HL10918,Branch,14426716,Construction,42,138936,Salaried,Chennai,8/23/2024
HL10919,DSA,12133834,Balance Transfer,41,41279,Salaried,Chennai,1/26/2024
HL10920,Telecalling,6155872,Balance Transfer,41,224737,Salaried,Hyderabad,3/12/2024
HL10921,Website,4177326,Balance Transfer,34,128751,Self-employed,Pune,9/17/2024
HL10922,Branch,2554510,Balance Transfer,59,96386,Salaried,Kolkata,9/10/2024
HL10923,Website,11219423,Purchase,64,111124,Self-employed,Chennai,9/27/2024
HL10924,Website,4763122,Construction,39,116911,Self-employed,Ahmedabad,5/2/2024
HL10925,Builder,11774986,Balance Transfer,59,222742,Self-employed,Pune,5/23/2024
HL10926,Builder,5421590,Purchase,61,246094,Salaried,Mumbai,9/13/2024
HL10927,Telecalling,3534937,Purchase,50,262723,Self-employed,Mumbai,5/23/2024
HL10928,DSA,12546081,Purchase,63,107806,Salaried,Jaipur,9/15/2024
HL10929,Website,1812461,Balance Transfer,57,232605,Salaried,Lucknow,2/16/2024
HL10930,Branch,5427036,Balance Transfer,40,255097,Salaried,Pune,12/16/2024
HL10931,Agent,13444163,Construction,36,222478,Self-employed,Lucknow,1/13/2024
HL10932,Website,2718224,Balance Transfer,57,195591,Salaried,Ahmedabad,1/10/2025
HL10933,Website,3710626,Balance Transfer,63,190596,Salaried,Kolkata,7/26/2024
HL10934,Telecalling,10312652,Purchase,29,189957,Salaried,Pune,11/6/2024
HL10935,DSA,12369960,Construction,63,257204,Self-employed,Chennai,8/22/2024
HL10936,Agent,8906166,Balance Transfer,35,206871,Self-employed,Kolkata,5/28/2024
HL10937,Builder,8310108,Balance Transfer,40,268154,Self-employed,Jaipur,11/17/2024
HL10938,Builder,10775260,Purchase,59,97307,Salaried,Lucknow,6/3/2024
HL10939,Branch,7440010,Purchase,35,260998,Self-employed,Lucknow,6/14/2024
HL10940,Agent,9674163,Balance Transfer,58,146757,Salaried,Kolkata,3/30/2024
HL10941,Builder,1444191,Construction,53,78664,Salaried,Mumbai,7/4/2024
HL10942,Branch,2502337,Construction,24,191536,Self-employed,Lucknow,11/13/2024
HL10943,DSA,4486669,Purchase,38,284438,Salaried,Jaipur,12/23/2024
HL10944,Branch,10309205,Purchase,31,175528,Self-employed,Chennai,6/22/2024
HL10945,Builder,11431946,Balance Transfer,31,225399,Salaried,Bengaluru,8/4/2024
HL10946,Telecalling,4722946,Purchase,60,247472,Self-employed,Chennai,1/29/2025
HL10947,Telecalling,8064400,Balance Transfer,33,256182,Salaried,Chennai,9/20/2024
HL10948,Telecalling,10874813,Construction,44,114037,Salaried,Lucknow,4/6/2024
HL10949,Builder,12254507,Construction,55,234912,Salaried,Delhi,4/26/2024
HL10950,Telecalling,1224695,Balance Transfer,58,210272,Salaried,Mumbai,7/17/2024
HL10951,Agent,12370075,Purchase,45,249135,Salaried,Lucknow,11/15/2024
HL10952,DSA,4441628,Construction,56,213487,Self-employed,Mumbai,1/21/2024
HL10953,Branch,10490452,Purchase,31,43074,Salaried,Ahmedabad,7/18/2024
HL10954,Branch,8552975,Construction,46,171621,Self-employed,Delhi,1/5/2025
HL10955,Builder,9123236,Balance Transfer,30,252434,Self-employed,Lucknow,12/6/2024
HL10956,Telecalling,8761850,Balance Transfer,29,257679,Self-employed,Hyderabad,9/4/2024
HL10957,Telecalling,14156101,Balance Transfer,58,77265,Salaried,Chennai,10/2/2024
HL10958,Website,10799314,Construction,40,41061,Salaried,Ahmedabad,9/20/2024
HL10959,DSA,4340216,Purchase,25,184882,Salaried,Delhi,2/27/2024
HL10960,Agent,4833284,Purchase,50,138502,Self-employed,Lucknow,10/28/2024
HL10961,Branch,14245696,Purchase,28,281505,Salaried,Jaipur,1/31/2024
HL10962,Website,2847865,Construction,43,132228,Salaried,Kolkata,9/5/2024
HL10963,Website,8586725,Construction,50,231548,Self-employed,Kolkata,4/2/2024
HL10964,Builder,10308092,Construction,62,201469,Self-employed,Mumbai,9/21/2024
HL10965,Branch,5897954,Construction,23,38233,Self-employed,Delhi,9/27/2024
HL10966,Builder,5017136,Construction,58,267277,Self-employed,Chennai,4/3/2024
HL10967,Agent,14869848,Purchase,43,181140,Self-employed,Chennai,6/2/2024
HL10968,Website,1344855,Construction,57,129135,Self-employed,Bengaluru,1/28/2025
HL10969,Website,6750283,Construction,35,242314,Salaried,Kolkata,10/11/2024
HL10970,DSA,2074961,Purchase,32,38682,Self-employed,Ahmedabad,3/20/2024
HL10971,Agent,5625678,Construction,32,179455,Salaried,Delhi,10/18/2024
HL10972,Website,12950571,Purchase,35,249404,Salaried,Chennai,3/24/2024
HL10973,Agent,3377935,Purchase,59,116198,Salaried,Bengaluru,12/30/2024
HL10974,Branch,2134106,Balance Transfer,60,66830,Self-employed,Delhi,1/8/2025
HL10975,Telecalling,13866619,Balance Transfer,46,35234,Salaried,Pune,2/6/2024
HL10976,Website,9296877,Balance Transfer,24,82616,Self-employed,Chennai,12/7/2024
HL10977,DSA,3474968,Balance Transfer,44,296365,Self-employed,Pune,11/22/2024
HL10978,Branch,7166160,Construction,39,167482,Salaried,Delhi,8/19/2024
HL10979,Agent,6672540,Balance Transfer,58,236127,Self-employed,Chennai,4/2/2024
HL10980,Builder,14569332,Purchase,36,217485,Salaried,Pune,12/1/2024
HL10981,Branch,6644807,Construction,32,26051,Salaried,Hyderabad,4/11/2024
HL10982,Website,6972558,Balance Transfer,57,101918,Self-employed,Bengaluru,6/14/2024
HL10983,Agent,3442266,Purchase,47,103116,Salaried,Ahmedabad,6/7/2024
HL10984,Telecalling,5437677,Construction,25,253931,Salaried,Kolkata,1/14/2024
HL10985,Branch,13930609,Construction,60,233547,Salaried,Bengaluru,1/7/2025
HL10986,Website,14793267,Balance Transfer,39,251572,Self-employed,Pune,8/12/2024
HL10987,DSA,10607366,Construction,34,156379,Salaried,Chennai,3/13/2024
HL10988,Builder,6241218,Purchase,46,81889,Self-employed,Hyderabad,9/5/2024
HL10989,Agent,11044351,Construction,51,251256,Self-employed,Hyderabad,3/31/2024
HL10990,Branch,6150635,Purchase,47,63134,Salaried,Kolkata,8/3/2024
HL10991,Branch,6481140,Construction,58,227834,Salaried,Hyderabad,3/30/2024
HL10992,Telecalling,8214615,Balance Transfer,48,252579,Self-employed,Bengaluru,1/29/2024
HL10993,Telecalling,13365627,Purchase,60,50954,Self-employed,Lucknow,10/31/2024
HL10994,DSA,12456889,Construction,23,211093,Salaried,Hyderabad,8/7/2024
HL10995,Builder,9010643,Construction,42,251999,Salaried,Kolkata,11/23/2024
HL10996,DSA,5981262,Construction,50,235938,Self-employed,Hyderabad,8/2/2024
HL10997,Website,5525208,Purchase,38,226499,Self-employed,Hyderabad,8/8/2024
HL10998,Website,6290717,Purchase,39,292136,Self-employed,Jaipur,1/23/2025
HL10999,DSA,1518349,Purchase,62,26961,Self-employed,Bengaluru,2/11/2024
